{"충남 천안시 동남구 대흥로 239 천안역": [127.146822493854, 36.8123208138282], "충남 천안시 동남구 문화동 61-1": [127.149732108027, 36.8089543324355], "충남 천안시 동남구 큰서릿말길 6": [127.148427041568, 36.8012539009289], "충남 천안시 동남구 순천향6길 31": [127.138151387539, 36.8028196170577], "충남 천안시 동남구 순천향6길 31 순천향대학교병원": [127.138151387539, 36.8028196170577], "충남 천안시 동남구 순천향4길 36": [127.134964562752, 36.8015703703305], "충남 천안시 서북구 충무로 187": [127.127099784501, 36.7959246450724], "충남 천안시 서북구 충무로 165": [127.125186711953, 36.794203836138], "충남 천안시 동남구 수곡2길 17-11": [127.127107611461, 36.7903535943896], "충남 천안시 동남구 신촌1길 23": [127.120546125303, 36.7871438086204], "충남 천안시 동남구 청수14로 80": [127.15529659621, 36.7846507745909], "nan": [null, null], "충남 천안시 동남구 청수11로 35": [127.156093334725, 36.7830963909588], "충남 천안시 동남구 청수7로 41 베스트타워 주차장": [127.159004964824, 36.7859359103894], "충남 천안시 서북구 성성동 361-38": [127.121039274949, 36.8457836542636], "충남 천안시 서북구 3공단2로 90-23": [127.117350097828, 36.8382846554609], "충남 천안시 서북구 노태산로 4": [127.127857882451, 36.8253725757697], "충남 천안시 서북구 원두정8길 6": [127.133775906192, 36.8322990075927], "충남 천안시 서북구 두정상가7길 32": [127.141223612889, 36.8310574998243], "충남 천안시 서북구 성정두정로 1": [127.140096973863, 36.826289449917], "충남 천안시 동남구 단대로 119": [127.165213408735, 36.8359524852566], "충남 천안시 동남구 망향로 201": [127.173275258903, 36.8429512507387], "충남 천안시 동남구 만남로 43": [127.15784651678, 36.8193302097389], "충남 천안시 동남구 만남로 64 (신부동)": [127.159326385319, 36.8191502671463], "충남 천안시 동남구 신부12길 8": [127.158972112591, 36.8181261803728], "충남 천안시 동남구 충절로 17": [127.158790621243, 36.8176201797669], "충남 천안시 동남구 만남로 24 농협중앙회 신부동천안시지부회": [127.154733689706, 36.8184815815228], "충남 천안시 동남구 먹거리8길 12-1": [127.154358077193, 36.817068139279], "충남 천안시 동남구 신부7길 5-1": [127.158596078076, 36.8155129249448], "충남 천안시 서북구 직산읍 모시리 77-2": [127.144039329034, 36.8713709664905], "충남 천안시 서북구 성환읍 성환1로 237-5 성환역": [127.127933272547, 36.9158091980816], "충남 천안시 서북구 성환읍 성환17길 3": [127.128755813821, 36.9211260265255], "충남 천안시 서북구 불당25로 244": [127.110340832021, 36.8224733224571], "충남 천안시 서북구 불당25로 226": [127.10993046032, 36.8212772100055], "충남 천안시 서북구 불당23로 73-27": [127.109688700018, 36.8204151618986], "충남 천안시 서북구 번영로 201": [127.110088899664, 36.8191322431656], "충남 천안시 서북구 불당25로 192": [127.108956596403, 36.8182902981075], "충남 천안시 서북구 불당25로 182": [127.108701907543, 36.8173065194698], "충남 천안시 서북구 불당25로 176": [127.109126844444, 36.8162380448409], "충남 천안시 서북구 불당22대로 86": [127.10815088411, 36.8154373090387], "충남 천안시 서북구 불당21로 67-18": [127.108504425757, 36.8140496378693], "충남 천안시 서북구 불당25로 138": [127.107511587103, 36.8134164283087], "충남 천안시 서북구 불당21로 71": [127.108176205789, 36.8129631077627], "충남 천안시 서북구 불당33길 26": [127.107859552064, 36.8124456173361], "충남 천안시 서북구 불당33길 24": [127.108195683571, 36.8123896233722], "충남 천안시 서북구 불당33길 22": [127.1081221163, 36.8119560759099], "충남 천안시 서북구 불당33길 18": [127.108008082548, 36.8115948341983], "충남 천안시 서북구 불당33길 40": [127.106743453137, 36.8114014262488], "충남 천안시 서북구 불당33길 46": [127.106667458406, 36.811150264788], "충남 천안시 서북구 불당33길 9": [127.10739809723, 36.8110371485947], "충남 천안시 서북구 불당33길 48": [127.106590586869, 36.8109129811583], "충남 천안시 서북구 불당33길 1": [127.106967408939, 36.8104655116746], "충남 천안시 서북구 불당29길 41": [127.101858053084, 36.8106443624865], "충남 천안시 서북구 공원로 195": [127.100682845536, 36.7998075136548], "충남 천안시 서북구 공원로 196": [127.101429867826, 36.7984279064312]}