{
  "청당동": [
    36.78606913007452,
    127.15673794425753
  ],
  "성성동": [
    36.838635400320456,
    127.12813982292224
  ],
  "두정동": [
    36.8427719304848,
    127.152210937846
  ],
  "쌍용동": [
    36.804030248599,
    127.1305025913375
  ],
  "목천읍": [
    36.7849559698672,
    127.234684979642
  ],
  "청수동": [
    36.78606913007452,
    127.15673794425753
  ],
  "불당동": [
    36.81737977892481,
    127.10850542756535
  ],
  "신부동": [
    36.81730954960603,
    127.16028161403912
  ],
  "신방동": [
    36.7859137927941,
    127.122481782342
  ],
  "와촌동": [
    36.80577007050382,
    127.13943451163375
  ],
  "백석동": [
    36.819748894490615,
    127.11510920689621
  ],
  "풍세면": [
    36.7222012528681,
    127.118735814079
  ],
  "차암동": [
    36.838635400320456,
    127.12813982292224
  ],
  "봉명동": [
    36.80577007050382,
    127.13943451163375
  ],
  "대흥동": [
    36.8109941683799,
    127.150238368757
  ],
  "성정동": [
    36.819744871643145,
    127.1398734360698
  ],
  "부대동": [
    36.8427719304848,
    127.152210937846
  ],
  "성거읍": [
    36.8780437642569,
    127.199166201756
  ],
  "영성동": [
    36.800058874519,
    127.15260595587
  ],
  "삼룡동": [
    36.78606913007452,
    127.15673794425753
  ],
  "구룡동": [
    36.78606913007452,
    127.15673794425753
  ],
  "구성동": [
    36.801428536531,
    127.160833435763
  ],
  "문화동": [
    36.8109941683799,
    127.150238368757
  ],
  "원성1동": [
    36.807159294433006,
    127.15837780819506
  ],
  "용곡동": [
    36.7990741039621,
    127.135366142049
  ],
  "원성동": [
    36.807159294433006,
    127.15837780819506
  ],
  "다가동": [
    36.801019114939514,
    127.1419695110606
  ],
  "성환읍": [
    36.9181938680331,
    127.134368848863
  ],
  "신당동": [
    36.8427719304848,
    127.152210937846
  ],
  "안서동": [
    36.8357590197934,
    127.191240628125
  ],
  "업성동": [
    36.838635400320456,
    127.12813982292224
  ],
  "직산읍": [
    36.8787570251716,
    127.150433811142
  ],
  "사직동": [
    36.800058874519,
    127.15260595587
  ],
  "부성동": [
    36.8427719304848,
    127.152210937846
  ],
  "병천면": [
    36.7665640994854,
    127.302587862467
  ],
  "성황동": [
    36.8109941683799,
    127.150238368757
  ],
  "신부동문굿모닝힐후문": [
    null,
    null
  ],
  "입장면": [
    36.9128088075409,
    127.221165722117
  ],
  "삼용동": [
    null,
    null
  ],
  "성남면용정리": [
    null,
    null
  ],
  "다가동동양장여관": [
    null,
    null
  ],
  "신부동정통학원": [
    null,
    null
  ],
  "백석동ACE프라자": [
    null,
    null
  ],
  "원성2동": [
    36.801428536531,
    127.160833435763
  ],
  "유량동": [
    36.81730954960603,
    127.16028161403912
  ]
}